school,playertatsurl,matchstatsurl,team_id
A&M-Corpus Christi,https://stats.ncaa.org/team/26172/stats/16480,https://stats.ncaa.org/player/game_by_game?org_id=26172&game_sport_year_ctl_id=16480&stats_player_seq=-100,26172
Abilene Christian,https://stats.ncaa.org/team/2/stats/16480,https://stats.ncaa.org/player/game_by_game?org_id=2&game_sport_year_ctl_id=16480&stats_player_seq=-100,2
Air Force,https://stats.ncaa.org/team/721/stats/16480,https://stats.ncaa.org/player/game_by_game?org_id=721&game_sport_year_ctl_id=16480&stats_player_seq=-100,721
Akron,https://stats.ncaa.org/team/5/stats/16480,https://stats.ncaa.org/player/game_by_game?org_id=5&game_sport_year_ctl_id=16480&stats_player_seq=-100,5
Alabama,https://stats.ncaa.org/team/8/stats/16480,https://stats.ncaa.org/player/game_by_game?org_id=8&game_sport_year_ctl_id=16480&stats_player_seq=-100,8
Alabama A&M,https://stats.ncaa.org/team/6/stats/16480,https://stats.ncaa.org/player/game_by_game?org_id=6&game_sport_year_ctl_id=16480&stats_player_seq=-100,6
Alabama St.,https://stats.ncaa.org/team/7/stats/16480,https://stats.ncaa.org/player/game_by_game?org_id=7&game_sport_year_ctl_id=16480&stats_player_seq=-100,7
Alcorn,https://stats.ncaa.org/team/17/stats/16480,https://stats.ncaa.org/player/game_by_game?org_id=17&game_sport_year_ctl_id=16480&stats_player_seq=-100,17
American,https://stats.ncaa.org/team/23/stats/16480,https://stats.ncaa.org/player/game_by_game?org_id=23&game_sport_year_ctl_id=16480&stats_player_seq=-100,23
App State,https://stats.ncaa.org/team/27/stats/16480,https://stats.ncaa.org/player/game_by_game?org_id=27&game_sport_year_ctl_id=16480&stats_player_seq=-100,27
Arizona,https://stats.ncaa.org/team/29/stats/16480,https://stats.ncaa.org/player/game_by_game?org_id=29&game_sport_year_ctl_id=16480&stats_player_seq=-100,29
Arizona St.,https://stats.ncaa.org/team/28/stats/16480,https://stats.ncaa.org/player/game_by_game?org_id=28&game_sport_year_ctl_id=16480&stats_player_seq=-100,28
Ark.-Pine Bluff,https://stats.ncaa.org/team/2678/stats/16480,https://stats.ncaa.org/player/game_by_game?org_id=2678&game_sport_year_ctl_id=16480&stats_player_seq=-100,2678
Arkansas,https://stats.ncaa.org/team/31/stats/16480,https://stats.ncaa.org/player/game_by_game?org_id=31&game_sport_year_ctl_id=16480&stats_player_seq=-100,31
Arkansas St.,https://stats.ncaa.org/team/30/stats/16480,https://stats.ncaa.org/player/game_by_game?org_id=30&game_sport_year_ctl_id=16480&stats_player_seq=-100,30
Army West Point,https://stats.ncaa.org/team/725/stats/16480,https://stats.ncaa.org/player/game_by_game?org_id=725&game_sport_year_ctl_id=16480&stats_player_seq=-100,725
Auburn,https://stats.ncaa.org/team/37/stats/16480,https://stats.ncaa.org/player/game_by_game?org_id=37&game_sport_year_ctl_id=16480&stats_player_seq=-100,37
Austin Peay,https://stats.ncaa.org/team/43/stats/16480,https://stats.ncaa.org/player/game_by_game?org_id=43&game_sport_year_ctl_id=16480&stats_player_seq=-100,43
Ball St.,https://stats.ncaa.org/team/77/stats/16480,https://stats.ncaa.org/player/game_by_game?org_id=77&game_sport_year_ctl_id=16480&stats_player_seq=-100,77
Baylor,https://stats.ncaa.org/team/47/stats/16480,https://stats.ncaa.org/player/game_by_game?org_id=47&game_sport_year_ctl_id=16480&stats_player_seq=-100,47
Bellarmine,https://stats.ncaa.org/team/51/stats/16480,https://stats.ncaa.org/player/game_by_game?org_id=51&game_sport_year_ctl_id=16480&stats_player_seq=-100,51
Belmont,https://stats.ncaa.org/team/52/stats/16480,https://stats.ncaa.org/player/game_by_game?org_id=52&game_sport_year_ctl_id=16480&stats_player_seq=-100,52
Bethune-Cookman,https://stats.ncaa.org/team/14927/stats/16480,https://stats.ncaa.org/player/game_by_game?org_id=14927&game_sport_year_ctl_id=16480&stats_player_seq=-100,14927
Binghamton,https://stats.ncaa.org/team/61/stats/16480,https://stats.ncaa.org/player/game_by_game?org_id=61&game_sport_year_ctl_id=16480&stats_player_seq=-100,61
Boise St.,https://stats.ncaa.org/team/62/stats/16480,https://stats.ncaa.org/player/game_by_game?org_id=62&game_sport_year_ctl_id=16480&stats_player_seq=-100,62
Boston College,https://stats.ncaa.org/team/66/stats/16480,https://stats.ncaa.org/player/game_by_game?org_id=66&game_sport_year_ctl_id=16480&stats_player_seq=-100,66
Bowling Green,https://stats.ncaa.org/team/67/stats/16480,https://stats.ncaa.org/player/game_by_game?org_id=67&game_sport_year_ctl_id=16480&stats_player_seq=-100,67
Bradley,https://stats.ncaa.org/team/71/stats/16480,https://stats.ncaa.org/player/game_by_game?org_id=71&game_sport_year_ctl_id=16480&stats_player_seq=-100,71
Bryant,https://stats.ncaa.org/team/72/stats/16480,https://stats.ncaa.org/player/game_by_game?org_id=72&game_sport_year_ctl_id=16480&stats_player_seq=-100,72
Bucknell,https://stats.ncaa.org/team/81/stats/16480,https://stats.ncaa.org/player/game_by_game?org_id=81&game_sport_year_ctl_id=16480&stats_player_seq=-100,81
Buffalo,https://stats.ncaa.org/team/83/stats/16480,https://stats.ncaa.org/player/game_by_game?org_id=83&game_sport_year_ctl_id=16480&stats_player_seq=-100,83
Butler,https://stats.ncaa.org/team/86/stats/16480,https://stats.ncaa.org/player/game_by_game?org_id=86&game_sport_year_ctl_id=16480&stats_player_seq=-100,86
BYU,https://stats.ncaa.org/team/87/stats/16480,https://stats.ncaa.org/player/game_by_game?org_id=87&game_sport_year_ctl_id=16480&stats_player_seq=-100,87
Cal Poly,https://stats.ncaa.org/team/94/stats/16480,https://stats.ncaa.org/player/game_by_game?org_id=94&game_sport_year_ctl_id=16480&stats_player_seq=-100,94
Cal St. Fullerton,https://stats.ncaa.org/team/101/stats/16480,https://stats.ncaa.org/player/game_by_game?org_id=101&game_sport_year_ctl_id=16480&stats_player_seq=-100,101
California,https://stats.ncaa.org/team/90/stats/16480,https://stats.ncaa.org/player/game_by_game?org_id=90&game_sport_year_ctl_id=16480&stats_player_seq=-100,90
California Baptist,https://stats.ncaa.org/team/97/stats/16480,https://stats.ncaa.org/player/game_by_game?org_id=97&game_sport_year_ctl_id=16480&stats_player_seq=-100,97
Campbell,https://stats.ncaa.org/team/107/stats/16480,https://stats.ncaa.org/player/game_by_game?org_id=107&game_sport_year_ctl_id=16480&stats_player_seq=-100,107
Canisius,https://stats.ncaa.org/team/30135/stats/16480,https://stats.ncaa.org/player/game_by_game?org_id=30135&game_sport_year_ctl_id=16480&stats_player_seq=-100,30135
Central Ark.,https://stats.ncaa.org/team/115/stats/16480,https://stats.ncaa.org/player/game_by_game?org_id=115&game_sport_year_ctl_id=16480&stats_player_seq=-100,115
Central Conn. St.,https://stats.ncaa.org/team/116/stats/16480,https://stats.ncaa.org/player/game_by_game?org_id=116&game_sport_year_ctl_id=16480&stats_player_seq=-100,116
Central Mich.,https://stats.ncaa.org/team/1004/stats/16480,https://stats.ncaa.org/player/game_by_game?org_id=1004&game_sport_year_ctl_id=16480&stats_player_seq=-100,1004
Charleston So.,https://stats.ncaa.org/team/127/stats/16480,https://stats.ncaa.org/player/game_by_game?org_id=127&game_sport_year_ctl_id=16480&stats_player_seq=-100,127
Charlotte,https://stats.ncaa.org/team/129/stats/16480,https://stats.ncaa.org/player/game_by_game?org_id=129&game_sport_year_ctl_id=16480&stats_player_seq=-100,129
Chattanooga,https://stats.ncaa.org/team/48/stats/16480,https://stats.ncaa.org/player/game_by_game?org_id=48&game_sport_year_ctl_id=16480&stats_player_seq=-100,48
Chicago St.,https://stats.ncaa.org/team/458/stats/16480,https://stats.ncaa.org/player/game_by_game?org_id=458&game_sport_year_ctl_id=16480&stats_player_seq=-100,458
Cincinnati,https://stats.ncaa.org/team/693/stats/16480,https://stats.ncaa.org/player/game_by_game?org_id=693&game_sport_year_ctl_id=16480&stats_player_seq=-100,693
Clemson,https://stats.ncaa.org/team/136/stats/16480,https://stats.ncaa.org/player/game_by_game?org_id=136&game_sport_year_ctl_id=16480&stats_player_seq=-100,136
Cleveland St.,https://stats.ncaa.org/team/140/stats/16480,https://stats.ncaa.org/player/game_by_game?org_id=140&game_sport_year_ctl_id=16480&stats_player_seq=-100,140
Coastal Carolina,https://stats.ncaa.org/team/147/stats/16480,https://stats.ncaa.org/player/game_by_game?org_id=147&game_sport_year_ctl_id=16480&stats_player_seq=-100,147
Col. of Charleston,https://stats.ncaa.org/team/148/stats/16480,https://stats.ncaa.org/player/game_by_game?org_id=148&game_sport_year_ctl_id=16480&stats_player_seq=-100,148
Colgate,https://stats.ncaa.org/team/149/stats/16480,https://stats.ncaa.org/player/game_by_game?org_id=149&game_sport_year_ctl_id=16480&stats_player_seq=-100,149
Colorado,https://stats.ncaa.org/team/1014/stats/16480,https://stats.ncaa.org/player/game_by_game?org_id=1014&game_sport_year_ctl_id=16480&stats_player_seq=-100,1014
Colorado St.,https://stats.ncaa.org/team/153/stats/16480,https://stats.ncaa.org/player/game_by_game?org_id=153&game_sport_year_ctl_id=16480&stats_player_seq=-100,153
Coppin St.,https://stats.ncaa.org/team/157/stats/16480,https://stats.ncaa.org/player/game_by_game?org_id=157&game_sport_year_ctl_id=16480&stats_player_seq=-100,157
Creighton,https://stats.ncaa.org/team/156/stats/16480,https://stats.ncaa.org/player/game_by_game?org_id=156&game_sport_year_ctl_id=16480&stats_player_seq=-100,156
CSU Bakersfield,https://stats.ncaa.org/team/165/stats/16480,https://stats.ncaa.org/player/game_by_game?org_id=165&game_sport_year_ctl_id=16480&stats_player_seq=-100,165
CSUN,https://stats.ncaa.org/team/169/stats/16480,https://stats.ncaa.org/player/game_by_game?org_id=169&game_sport_year_ctl_id=16480&stats_player_seq=-100,169
Davidson,https://stats.ncaa.org/team/173/stats/16480,https://stats.ncaa.org/player/game_by_game?org_id=173&game_sport_year_ctl_id=16480&stats_player_seq=-100,173
Dayton,https://stats.ncaa.org/team/175/stats/16480,https://stats.ncaa.org/player/game_by_game?org_id=175&game_sport_year_ctl_id=16480&stats_player_seq=-100,175
Delaware,https://stats.ncaa.org/team/176/stats/16480,https://stats.ncaa.org/player/game_by_game?org_id=176&game_sport_year_ctl_id=16480&stats_player_seq=-100,176
Delaware St.,https://stats.ncaa.org/team/180/stats/16480,https://stats.ncaa.org/player/game_by_game?org_id=180&game_sport_year_ctl_id=16480&stats_player_seq=-100,180
Denver,https://stats.ncaa.org/team/178/stats/16480,https://stats.ncaa.org/player/game_by_game?org_id=178&game_sport_year_ctl_id=16480&stats_player_seq=-100,178
DePaul,https://stats.ncaa.org/team/183/stats/16480,https://stats.ncaa.org/player/game_by_game?org_id=183&game_sport_year_ctl_id=16480&stats_player_seq=-100,183
Drake,https://stats.ncaa.org/team/189/stats/16480,https://stats.ncaa.org/player/game_by_game?org_id=189&game_sport_year_ctl_id=16480&stats_player_seq=-100,189
Duke,https://stats.ncaa.org/team/193/stats/16480,https://stats.ncaa.org/player/game_by_game?org_id=193&game_sport_year_ctl_id=16480&stats_player_seq=-100,193
Duquesne,https://stats.ncaa.org/team/194/stats/16480,https://stats.ncaa.org/player/game_by_game?org_id=194&game_sport_year_ctl_id=16480&stats_player_seq=-100,194
East Carolina,https://stats.ncaa.org/team/198/stats/16480,https://stats.ncaa.org/player/game_by_game?org_id=198&game_sport_year_ctl_id=16480&stats_player_seq=-100,198
Eastern Ill.,https://stats.ncaa.org/team/196/stats/16480,https://stats.ncaa.org/player/game_by_game?org_id=196&game_sport_year_ctl_id=16480&stats_player_seq=-100,196
Eastern Ky.,https://stats.ncaa.org/team/201/stats/16480,https://stats.ncaa.org/player/game_by_game?org_id=201&game_sport_year_ctl_id=16480&stats_player_seq=-100,201
Eastern Mich.,https://stats.ncaa.org/team/202/stats/16480,https://stats.ncaa.org/player/game_by_game?org_id=202&game_sport_year_ctl_id=16480&stats_player_seq=-100,202
Eastern Wash.,https://stats.ncaa.org/team/204/stats/16480,https://stats.ncaa.org/player/game_by_game?org_id=204&game_sport_year_ctl_id=16480&stats_player_seq=-100,204
Elon,https://stats.ncaa.org/team/207/stats/16480,https://stats.ncaa.org/player/game_by_game?org_id=207&game_sport_year_ctl_id=16480&stats_player_seq=-100,207
ETSU,https://stats.ncaa.org/team/1068/stats/16480,https://stats.ncaa.org/player/game_by_game?org_id=1068&game_sport_year_ctl_id=16480&stats_player_seq=-100,1068
Evansville,https://stats.ncaa.org/team/219/stats/16480,https://stats.ncaa.org/player/game_by_game?org_id=219&game_sport_year_ctl_id=16480&stats_player_seq=-100,219
Fairfield,https://stats.ncaa.org/team/222/stats/16480,https://stats.ncaa.org/player/game_by_game?org_id=222&game_sport_year_ctl_id=16480&stats_player_seq=-100,222
FDU,https://stats.ncaa.org/team/28755/stats/16480,https://stats.ncaa.org/player/game_by_game?org_id=28755&game_sport_year_ctl_id=16480&stats_player_seq=-100,28755
FGCU,https://stats.ncaa.org/team/231/stats/16480,https://stats.ncaa.org/player/game_by_game?org_id=231&game_sport_year_ctl_id=16480&stats_player_seq=-100,231
FIU,https://stats.ncaa.org/team/220/stats/16480,https://stats.ncaa.org/player/game_by_game?org_id=220&game_sport_year_ctl_id=16480&stats_player_seq=-100,220
Fla. Atlantic,https://stats.ncaa.org/team/229/stats/16480,https://stats.ncaa.org/player/game_by_game?org_id=229&game_sport_year_ctl_id=16480&stats_player_seq=-100,229
Florida,https://stats.ncaa.org/team/235/stats/16480,https://stats.ncaa.org/player/game_by_game?org_id=235&game_sport_year_ctl_id=16480&stats_player_seq=-100,235
Florida A&M,https://stats.ncaa.org/team/228/stats/16480,https://stats.ncaa.org/player/game_by_game?org_id=228&game_sport_year_ctl_id=16480&stats_player_seq=-100,228
Florida St.,https://stats.ncaa.org/team/234/stats/16480,https://stats.ncaa.org/player/game_by_game?org_id=234&game_sport_year_ctl_id=16480&stats_player_seq=-100,234
Fordham,https://stats.ncaa.org/team/236/stats/16480,https://stats.ncaa.org/player/game_by_game?org_id=236&game_sport_year_ctl_id=16480&stats_player_seq=-100,236
Fresno St.,https://stats.ncaa.org/team/96/stats/16480,https://stats.ncaa.org/player/game_by_game?org_id=96&game_sport_year_ctl_id=16480&stats_player_seq=-100,96
Furman,https://stats.ncaa.org/team/244/stats/16480,https://stats.ncaa.org/player/game_by_game?org_id=244&game_sport_year_ctl_id=16480&stats_player_seq=-100,244
Ga. Southern,https://stats.ncaa.org/team/253/stats/16480,https://stats.ncaa.org/player/game_by_game?org_id=253&game_sport_year_ctl_id=16480&stats_player_seq=-100,253
Gardner-Webb,https://stats.ncaa.org/team/1092/stats/16480,https://stats.ncaa.org/player/game_by_game?org_id=1092&game_sport_year_ctl_id=16480&stats_player_seq=-100,1092
George Mason,https://stats.ncaa.org/team/248/stats/16480,https://stats.ncaa.org/player/game_by_game?org_id=248&game_sport_year_ctl_id=16480&stats_player_seq=-100,248
George Washington,https://stats.ncaa.org/team/249/stats/16480,https://stats.ncaa.org/player/game_by_game?org_id=249&game_sport_year_ctl_id=16480&stats_player_seq=-100,249
Georgetown,https://stats.ncaa.org/team/251/stats/16480,https://stats.ncaa.org/player/game_by_game?org_id=251&game_sport_year_ctl_id=16480&stats_player_seq=-100,251
Georgia,https://stats.ncaa.org/team/257/stats/16480,https://stats.ncaa.org/player/game_by_game?org_id=257&game_sport_year_ctl_id=16480&stats_player_seq=-100,257
Georgia St.,https://stats.ncaa.org/team/254/stats/16480,https://stats.ncaa.org/player/game_by_game?org_id=254&game_sport_year_ctl_id=16480&stats_player_seq=-100,254
Georgia Tech,https://stats.ncaa.org/team/255/stats/16480,https://stats.ncaa.org/player/game_by_game?org_id=255&game_sport_year_ctl_id=16480&stats_player_seq=-100,255
Gonzaga,https://stats.ncaa.org/team/260/stats/16480,https://stats.ncaa.org/player/game_by_game?org_id=260&game_sport_year_ctl_id=16480&stats_player_seq=-100,260
Grambling,https://stats.ncaa.org/team/261/stats/16480,https://stats.ncaa.org/player/game_by_game?org_id=261&game_sport_year_ctl_id=16480&stats_player_seq=-100,261
Grand Canyon,https://stats.ncaa.org/team/1104/stats/16480,https://stats.ncaa.org/player/game_by_game?org_id=1104&game_sport_year_ctl_id=16480&stats_player_seq=-100,1104
Green Bay,https://stats.ncaa.org/team/794/stats/16480,https://stats.ncaa.org/player/game_by_game?org_id=794&game_sport_year_ctl_id=16480&stats_player_seq=-100,794
Hawaii,https://stats.ncaa.org/team/277/stats/16480,https://stats.ncaa.org/player/game_by_game?org_id=277&game_sport_year_ctl_id=16480&stats_player_seq=-100,277
High Point,https://stats.ncaa.org/team/19651/stats/16480,https://stats.ncaa.org/player/game_by_game?org_id=19651&game_sport_year_ctl_id=16480&stats_player_seq=-100,19651
Hofstra,https://stats.ncaa.org/team/283/stats/16480,https://stats.ncaa.org/player/game_by_game?org_id=283&game_sport_year_ctl_id=16480&stats_player_seq=-100,283
Holy Cross,https://stats.ncaa.org/team/285/stats/16480,https://stats.ncaa.org/player/game_by_game?org_id=285&game_sport_year_ctl_id=16480&stats_player_seq=-100,285
Houston,https://stats.ncaa.org/team/288/stats/16480,https://stats.ncaa.org/player/game_by_game?org_id=288&game_sport_year_ctl_id=16480&stats_player_seq=-100,288
Houston Christian,https://stats.ncaa.org/team/287/stats/16480,https://stats.ncaa.org/player/game_by_game?org_id=287&game_sport_year_ctl_id=16480&stats_player_seq=-100,287
Howard,https://stats.ncaa.org/team/290/stats/16480,https://stats.ncaa.org/player/game_by_game?org_id=290&game_sport_year_ctl_id=16480&stats_player_seq=-100,290
Idaho,https://stats.ncaa.org/team/2699/stats/16480,https://stats.ncaa.org/player/game_by_game?org_id=2699&game_sport_year_ctl_id=16480&stats_player_seq=-100,2699
Idaho St.,https://stats.ncaa.org/team/295/stats/16480,https://stats.ncaa.org/player/game_by_game?org_id=295&game_sport_year_ctl_id=16480&stats_player_seq=-100,295
Illinois,https://stats.ncaa.org/team/294/stats/16480,https://stats.ncaa.org/player/game_by_game?org_id=294&game_sport_year_ctl_id=16480&stats_player_seq=-100,294
Illinois St.,https://stats.ncaa.org/team/301/stats/16480,https://stats.ncaa.org/player/game_by_game?org_id=301&game_sport_year_ctl_id=16480&stats_player_seq=-100,301
Indiana,https://stats.ncaa.org/team/299/stats/16480,https://stats.ncaa.org/player/game_by_game?org_id=299&game_sport_year_ctl_id=16480&stats_player_seq=-100,299
Indiana St.,https://stats.ncaa.org/team/306/stats/16480,https://stats.ncaa.org/player/game_by_game?org_id=306&game_sport_year_ctl_id=16480&stats_player_seq=-100,306
Iona,https://stats.ncaa.org/team/305/stats/16480,https://stats.ncaa.org/player/game_by_game?org_id=305&game_sport_year_ctl_id=16480&stats_player_seq=-100,305
Iowa,https://stats.ncaa.org/team/310/stats/16480,https://stats.ncaa.org/player/game_by_game?org_id=310&game_sport_year_ctl_id=16480&stats_player_seq=-100,310
Iowa St.,https://stats.ncaa.org/team/312/stats/16480,https://stats.ncaa.org/player/game_by_game?org_id=312&game_sport_year_ctl_id=16480&stats_player_seq=-100,312
IUPUI,https://stats.ncaa.org/team/311/stats/16480,https://stats.ncaa.org/player/game_by_game?org_id=311&game_sport_year_ctl_id=16480&stats_player_seq=-100,311
Jackson St.,https://stats.ncaa.org/team/314/stats/16480,https://stats.ncaa.org/player/game_by_game?org_id=314&game_sport_year_ctl_id=16480&stats_player_seq=-100,314
Jacksonville,https://stats.ncaa.org/team/316/stats/16480,https://stats.ncaa.org/player/game_by_game?org_id=316&game_sport_year_ctl_id=16480&stats_player_seq=-100,316
Jacksonville St.,https://stats.ncaa.org/team/315/stats/16480,https://stats.ncaa.org/player/game_by_game?org_id=315&game_sport_year_ctl_id=16480&stats_player_seq=-100,315
James Madison,https://stats.ncaa.org/team/317/stats/16480,https://stats.ncaa.org/player/game_by_game?org_id=317&game_sport_year_ctl_id=16480&stats_player_seq=-100,317
Kansas,https://stats.ncaa.org/team/328/stats/16480,https://stats.ncaa.org/player/game_by_game?org_id=328&game_sport_year_ctl_id=16480&stats_player_seq=-100,328
Kansas City,https://stats.ncaa.org/team/2707/stats/16480,https://stats.ncaa.org/player/game_by_game?org_id=2707&game_sport_year_ctl_id=16480&stats_player_seq=-100,2707
Kansas St.,https://stats.ncaa.org/team/327/stats/16480,https://stats.ncaa.org/player/game_by_game?org_id=327&game_sport_year_ctl_id=16480&stats_player_seq=-100,327
Kennesaw St.,https://stats.ncaa.org/team/1157/stats/16480,https://stats.ncaa.org/player/game_by_game?org_id=1157&game_sport_year_ctl_id=16480&stats_player_seq=-100,1157
Kent St.,https://stats.ncaa.org/team/331/stats/16480,https://stats.ncaa.org/player/game_by_game?org_id=331&game_sport_year_ctl_id=16480&stats_player_seq=-100,331
Kentucky,https://stats.ncaa.org/team/334/stats/16480,https://stats.ncaa.org/player/game_by_game?org_id=334&game_sport_year_ctl_id=16480&stats_player_seq=-100,334
Lamar University,https://stats.ncaa.org/team/361/stats/16480,https://stats.ncaa.org/player/game_by_game?org_id=361&game_sport_year_ctl_id=16480&stats_player_seq=-100,361
Le Moyne,https://stats.ncaa.org/team/370/stats/16480,https://stats.ncaa.org/player/game_by_game?org_id=370&game_sport_year_ctl_id=16480&stats_player_seq=-100,370
Lehigh,https://stats.ncaa.org/team/365/stats/16480,https://stats.ncaa.org/player/game_by_game?org_id=365&game_sport_year_ctl_id=16480&stats_player_seq=-100,365
Liberty,https://stats.ncaa.org/team/346/stats/16480,https://stats.ncaa.org/player/game_by_game?org_id=346&game_sport_year_ctl_id=16480&stats_player_seq=-100,346
Lindenwood,https://stats.ncaa.org/team/349/stats/16480,https://stats.ncaa.org/player/game_by_game?org_id=349&game_sport_year_ctl_id=16480&stats_player_seq=-100,349
Lipscomb,https://stats.ncaa.org/team/352/stats/16480,https://stats.ncaa.org/player/game_by_game?org_id=352&game_sport_year_ctl_id=16480&stats_player_seq=-100,352
Little Rock,https://stats.ncaa.org/team/355/stats/16480,https://stats.ncaa.org/player/game_by_game?org_id=355&game_sport_year_ctl_id=16480&stats_player_seq=-100,355
LIU,https://stats.ncaa.org/team/30136/stats/16480,https://stats.ncaa.org/player/game_by_game?org_id=30136&game_sport_year_ctl_id=16480&stats_player_seq=-100,30136
LMU (CA),https://stats.ncaa.org/team/28600/stats/16480,https://stats.ncaa.org/player/game_by_game?org_id=28600&game_sport_year_ctl_id=16480&stats_player_seq=-100,28600
Long Beach St.,https://stats.ncaa.org/team/32/stats/16480,https://stats.ncaa.org/player/game_by_game?org_id=32&game_sport_year_ctl_id=16480&stats_player_seq=-100,32
Louisiana,https://stats.ncaa.org/team/99/stats/16480,https://stats.ncaa.org/player/game_by_game?org_id=99&game_sport_year_ctl_id=16480&stats_player_seq=-100,99
Louisiana Tech,https://stats.ncaa.org/team/671/stats/16480,https://stats.ncaa.org/player/game_by_game?org_id=671&game_sport_year_ctl_id=16480&stats_player_seq=-100,671
Louisville,https://stats.ncaa.org/team/366/stats/16480,https://stats.ncaa.org/player/game_by_game?org_id=366&game_sport_year_ctl_id=16480&stats_player_seq=-100,366
Loyola Chicago,https://stats.ncaa.org/team/367/stats/16480,https://stats.ncaa.org/player/game_by_game?org_id=367&game_sport_year_ctl_id=16480&stats_player_seq=-100,367
Loyola Maryland,https://stats.ncaa.org/team/371/stats/16480,https://stats.ncaa.org/player/game_by_game?org_id=371&game_sport_year_ctl_id=16480&stats_player_seq=-100,371
LSU,https://stats.ncaa.org/team/369/stats/16480,https://stats.ncaa.org/player/game_by_game?org_id=369&game_sport_year_ctl_id=16480&stats_player_seq=-100,369
Manhattan,https://stats.ncaa.org/team/381/stats/16480,https://stats.ncaa.org/player/game_by_game?org_id=381&game_sport_year_ctl_id=16480&stats_player_seq=-100,381
Marist,https://stats.ncaa.org/team/386/stats/16480,https://stats.ncaa.org/player/game_by_game?org_id=386&game_sport_year_ctl_id=16480&stats_player_seq=-100,386
Marquette,https://stats.ncaa.org/team/387/stats/16480,https://stats.ncaa.org/player/game_by_game?org_id=387&game_sport_year_ctl_id=16480&stats_player_seq=-100,387
Marshall,https://stats.ncaa.org/team/388/stats/16480,https://stats.ncaa.org/player/game_by_game?org_id=388&game_sport_year_ctl_id=16480&stats_player_seq=-100,388
Maryland,https://stats.ncaa.org/team/392/stats/16480,https://stats.ncaa.org/player/game_by_game?org_id=392&game_sport_year_ctl_id=16480&stats_player_seq=-100,392
McNeese,https://stats.ncaa.org/team/402/stats/16480,https://stats.ncaa.org/player/game_by_game?org_id=402&game_sport_year_ctl_id=16480&stats_player_seq=-100,402
Memphis,https://stats.ncaa.org/team/404/stats/16480,https://stats.ncaa.org/player/game_by_game?org_id=404&game_sport_year_ctl_id=16480&stats_player_seq=-100,404
Mercer,https://stats.ncaa.org/team/406/stats/16480,https://stats.ncaa.org/player/game_by_game?org_id=406&game_sport_year_ctl_id=16480&stats_player_seq=-100,406
Merrimack,https://stats.ncaa.org/team/410/stats/16480,https://stats.ncaa.org/player/game_by_game?org_id=410&game_sport_year_ctl_id=16480&stats_player_seq=-100,410
Miami (FL),https://stats.ncaa.org/team/415/stats/16480,https://stats.ncaa.org/player/game_by_game?org_id=415&game_sport_year_ctl_id=16480&stats_player_seq=-100,415
Miami (OH),https://stats.ncaa.org/team/414/stats/16480,https://stats.ncaa.org/player/game_by_game?org_id=414&game_sport_year_ctl_id=16480&stats_player_seq=-100,414
Michigan,https://stats.ncaa.org/team/418/stats/16480,https://stats.ncaa.org/player/game_by_game?org_id=418&game_sport_year_ctl_id=16480&stats_player_seq=-100,418
Michigan St.,https://stats.ncaa.org/team/416/stats/16480,https://stats.ncaa.org/player/game_by_game?org_id=416&game_sport_year_ctl_id=16480&stats_player_seq=-100,416
Middle Tenn.,https://stats.ncaa.org/team/419/stats/16480,https://stats.ncaa.org/player/game_by_game?org_id=419&game_sport_year_ctl_id=16480&stats_player_seq=-100,419
Milwaukee,https://stats.ncaa.org/team/797/stats/16480,https://stats.ncaa.org/player/game_by_game?org_id=797&game_sport_year_ctl_id=16480&stats_player_seq=-100,797
Minnesota,https://stats.ncaa.org/team/428/stats/16480,https://stats.ncaa.org/player/game_by_game?org_id=428&game_sport_year_ctl_id=16480&stats_player_seq=-100,428
Mississippi St.,https://stats.ncaa.org/team/430/stats/16480,https://stats.ncaa.org/player/game_by_game?org_id=430&game_sport_year_ctl_id=16480&stats_player_seq=-100,430
Mississippi Val.,https://stats.ncaa.org/team/432/stats/16480,https://stats.ncaa.org/player/game_by_game?org_id=432&game_sport_year_ctl_id=16480&stats_player_seq=-100,432
Missouri,https://stats.ncaa.org/team/434/stats/16480,https://stats.ncaa.org/player/game_by_game?org_id=434&game_sport_year_ctl_id=16480&stats_player_seq=-100,434
Missouri St.,https://stats.ncaa.org/team/669/stats/16480,https://stats.ncaa.org/player/game_by_game?org_id=669&game_sport_year_ctl_id=16480&stats_player_seq=-100,669
Montana,https://stats.ncaa.org/team/441/stats/16480,https://stats.ncaa.org/player/game_by_game?org_id=441&game_sport_year_ctl_id=16480&stats_player_seq=-100,441
Montana St.,https://stats.ncaa.org/team/440/stats/16480,https://stats.ncaa.org/player/game_by_game?org_id=440&game_sport_year_ctl_id=16480&stats_player_seq=-100,440
Morehead St.,https://stats.ncaa.org/team/444/stats/16480,https://stats.ncaa.org/player/game_by_game?org_id=444&game_sport_year_ctl_id=16480&stats_player_seq=-100,444
Morgan St.,https://stats.ncaa.org/team/446/stats/16480,https://stats.ncaa.org/player/game_by_game?org_id=446&game_sport_year_ctl_id=16480&stats_player_seq=-100,446
Murray St.,https://stats.ncaa.org/team/454/stats/16480,https://stats.ncaa.org/player/game_by_game?org_id=454&game_sport_year_ctl_id=16480&stats_player_seq=-100,454
N.C. A&T,https://stats.ncaa.org/team/488/stats/16480,https://stats.ncaa.org/player/game_by_game?org_id=488&game_sport_year_ctl_id=16480&stats_player_seq=-100,488
N.C. Central,https://stats.ncaa.org/team/489/stats/16480,https://stats.ncaa.org/player/game_by_game?org_id=489&game_sport_year_ctl_id=16480&stats_player_seq=-100,489
Navy,https://stats.ncaa.org/team/490/stats/16480,https://stats.ncaa.org/player/game_by_game?org_id=490&game_sport_year_ctl_id=16480&stats_player_seq=-100,490
NC State,https://stats.ncaa.org/team/503/stats/16480,https://stats.ncaa.org/player/game_by_game?org_id=503&game_sport_year_ctl_id=16480&stats_player_seq=-100,503
Nebraska,https://stats.ncaa.org/team/471/stats/16480,https://stats.ncaa.org/player/game_by_game?org_id=471&game_sport_year_ctl_id=16480&stats_player_seq=-100,471
Nevada,https://stats.ncaa.org/team/726/stats/16480,https://stats.ncaa.org/player/game_by_game?org_id=726&game_sport_year_ctl_id=16480&stats_player_seq=-100,726
New Hampshire,https://stats.ncaa.org/team/463/stats/16480,https://stats.ncaa.org/player/game_by_game?org_id=463&game_sport_year_ctl_id=16480&stats_player_seq=-100,463
New Mexico,https://stats.ncaa.org/team/466/stats/16480,https://stats.ncaa.org/player/game_by_game?org_id=466&game_sport_year_ctl_id=16480&stats_player_seq=-100,466
New Mexico St.,https://stats.ncaa.org/team/469/stats/16480,https://stats.ncaa.org/player/game_by_game?org_id=469&game_sport_year_ctl_id=16480&stats_player_seq=-100,469
New Orleans,https://stats.ncaa.org/team/473/stats/16480,https://stats.ncaa.org/player/game_by_game?org_id=473&game_sport_year_ctl_id=16480&stats_player_seq=-100,473
Niagara,https://stats.ncaa.org/team/472/stats/16480,https://stats.ncaa.org/player/game_by_game?org_id=472&game_sport_year_ctl_id=16480&stats_player_seq=-100,472
Nicholls,https://stats.ncaa.org/team/474/stats/16480,https://stats.ncaa.org/player/game_by_game?org_id=474&game_sport_year_ctl_id=16480&stats_player_seq=-100,474
NIU,https://stats.ncaa.org/team/482/stats/16480,https://stats.ncaa.org/player/game_by_game?org_id=482&game_sport_year_ctl_id=16480&stats_player_seq=-100,482
NJIT,https://stats.ncaa.org/team/483/stats/16480,https://stats.ncaa.org/player/game_by_game?org_id=483&game_sport_year_ctl_id=16480&stats_player_seq=-100,483
Norfolk St.,https://stats.ncaa.org/team/485/stats/16480,https://stats.ncaa.org/player/game_by_game?org_id=485&game_sport_year_ctl_id=16480&stats_player_seq=-100,485
North Ala.,https://stats.ncaa.org/team/487/stats/16480,https://stats.ncaa.org/player/game_by_game?org_id=487&game_sport_year_ctl_id=16480&stats_player_seq=-100,487
North Carolina,https://stats.ncaa.org/team/457/stats/16480,https://stats.ncaa.org/player/game_by_game?org_id=457&game_sport_year_ctl_id=16480&stats_player_seq=-100,457
North Dakota,https://stats.ncaa.org/team/494/stats/16480,https://stats.ncaa.org/player/game_by_game?org_id=494&game_sport_year_ctl_id=16480&stats_player_seq=-100,494
North Dakota St.,https://stats.ncaa.org/team/493/stats/16480,https://stats.ncaa.org/player/game_by_game?org_id=493&game_sport_year_ctl_id=16480&stats_player_seq=-100,493
North Florida,https://stats.ncaa.org/team/2711/stats/16480,https://stats.ncaa.org/player/game_by_game?org_id=2711&game_sport_year_ctl_id=16480&stats_player_seq=-100,2711
North Texas,https://stats.ncaa.org/team/497/stats/16480,https://stats.ncaa.org/player/game_by_game?org_id=497&game_sport_year_ctl_id=16480&stats_player_seq=-100,497
Northeastern,https://stats.ncaa.org/team/500/stats/16480,https://stats.ncaa.org/player/game_by_game?org_id=500&game_sport_year_ctl_id=16480&stats_player_seq=-100,500
Northern Ariz.,https://stats.ncaa.org/team/501/stats/16480,https://stats.ncaa.org/player/game_by_game?org_id=501&game_sport_year_ctl_id=16480&stats_player_seq=-100,501
Northern Colo.,https://stats.ncaa.org/team/502/stats/16480,https://stats.ncaa.org/player/game_by_game?org_id=502&game_sport_year_ctl_id=16480&stats_player_seq=-100,502
Northern Ky.,https://stats.ncaa.org/team/505/stats/16480,https://stats.ncaa.org/player/game_by_game?org_id=505&game_sport_year_ctl_id=16480&stats_player_seq=-100,505
Northwestern,https://stats.ncaa.org/team/509/stats/16480,https://stats.ncaa.org/player/game_by_game?org_id=509&game_sport_year_ctl_id=16480&stats_player_seq=-100,509
Northwestern St.,https://stats.ncaa.org/team/508/stats/16480,https://stats.ncaa.org/player/game_by_game?org_id=508&game_sport_year_ctl_id=16480&stats_player_seq=-100,508
Notre Dame,https://stats.ncaa.org/team/513/stats/16480,https://stats.ncaa.org/player/game_by_game?org_id=513&game_sport_year_ctl_id=16480&stats_player_seq=-100,513
Oakland,https://stats.ncaa.org/team/514/stats/16480,https://stats.ncaa.org/player/game_by_game?org_id=514&game_sport_year_ctl_id=16480&stats_player_seq=-100,514
Ohio,https://stats.ncaa.org/team/519/stats/16480,https://stats.ncaa.org/player/game_by_game?org_id=519&game_sport_year_ctl_id=16480&stats_player_seq=-100,519
Ohio St.,https://stats.ncaa.org/team/518/stats/16480,https://stats.ncaa.org/player/game_by_game?org_id=518&game_sport_year_ctl_id=16480&stats_player_seq=-100,518
Oklahoma,https://stats.ncaa.org/team/522/stats/16480,https://stats.ncaa.org/player/game_by_game?org_id=522&game_sport_year_ctl_id=16480&stats_player_seq=-100,522
Old Dominion,https://stats.ncaa.org/team/523/stats/16480,https://stats.ncaa.org/player/game_by_game?org_id=523&game_sport_year_ctl_id=16480&stats_player_seq=-100,523
Ole Miss,https://stats.ncaa.org/team/433/stats/16480,https://stats.ncaa.org/player/game_by_game?org_id=433&game_sport_year_ctl_id=16480&stats_player_seq=-100,433
Omaha,https://stats.ncaa.org/team/464/stats/16480,https://stats.ncaa.org/player/game_by_game?org_id=464&game_sport_year_ctl_id=16480&stats_player_seq=-100,464
Oral Roberts,https://stats.ncaa.org/team/527/stats/16480,https://stats.ncaa.org/player/game_by_game?org_id=527&game_sport_year_ctl_id=16480&stats_player_seq=-100,527
Oregon,https://stats.ncaa.org/team/529/stats/16480,https://stats.ncaa.org/player/game_by_game?org_id=529&game_sport_year_ctl_id=16480&stats_player_seq=-100,529
Oregon St.,https://stats.ncaa.org/team/528/stats/16480,https://stats.ncaa.org/player/game_by_game?org_id=528&game_sport_year_ctl_id=16480&stats_player_seq=-100,528
Pacific,https://stats.ncaa.org/team/534/stats/16480,https://stats.ncaa.org/player/game_by_game?org_id=534&game_sport_year_ctl_id=16480&stats_player_seq=-100,534
Penn St.,https://stats.ncaa.org/team/539/stats/16480,https://stats.ncaa.org/player/game_by_game?org_id=539&game_sport_year_ctl_id=16480&stats_player_seq=-100,539
Pepperdine,https://stats.ncaa.org/team/541/stats/16480,https://stats.ncaa.org/player/game_by_game?org_id=541&game_sport_year_ctl_id=16480&stats_player_seq=-100,541
Pittsburgh,https://stats.ncaa.org/team/545/stats/16480,https://stats.ncaa.org/player/game_by_game?org_id=545&game_sport_year_ctl_id=16480&stats_player_seq=-100,545
Portland,https://stats.ncaa.org/team/551/stats/16480,https://stats.ncaa.org/player/game_by_game?org_id=551&game_sport_year_ctl_id=16480&stats_player_seq=-100,551
Portland St.,https://stats.ncaa.org/team/550/stats/16480,https://stats.ncaa.org/player/game_by_game?org_id=550&game_sport_year_ctl_id=16480&stats_player_seq=-100,550
Prairie View,https://stats.ncaa.org/team/553/stats/16480,https://stats.ncaa.org/player/game_by_game?org_id=553&game_sport_year_ctl_id=16480&stats_player_seq=-100,553
Presbyterian,https://stats.ncaa.org/team/1320/stats/16480,https://stats.ncaa.org/player/game_by_game?org_id=1320&game_sport_year_ctl_id=16480&stats_player_seq=-100,1320
Providence,https://stats.ncaa.org/team/556/stats/16480,https://stats.ncaa.org/player/game_by_game?org_id=556&game_sport_year_ctl_id=16480&stats_player_seq=-100,556
Purdue,https://stats.ncaa.org/team/559/stats/16480,https://stats.ncaa.org/player/game_by_game?org_id=559&game_sport_year_ctl_id=16480&stats_player_seq=-100,559
Purdue Fort Wayne,https://stats.ncaa.org/team/308/stats/16480,https://stats.ncaa.org/player/game_by_game?org_id=308&game_sport_year_ctl_id=16480&stats_player_seq=-100,308
Queens (NC),https://stats.ncaa.org/team/11504/stats/16480,https://stats.ncaa.org/player/game_by_game?org_id=11504&game_sport_year_ctl_id=16480&stats_player_seq=-100,11504
Quinnipiac,https://stats.ncaa.org/team/562/stats/16480,https://stats.ncaa.org/player/game_by_game?org_id=562&game_sport_year_ctl_id=16480&stats_player_seq=-100,562
Radford,https://stats.ncaa.org/team/563/stats/16480,https://stats.ncaa.org/player/game_by_game?org_id=563&game_sport_year_ctl_id=16480&stats_player_seq=-100,563
Rhode Island,https://stats.ncaa.org/team/572/stats/16480,https://stats.ncaa.org/player/game_by_game?org_id=572&game_sport_year_ctl_id=16480&stats_player_seq=-100,572
Rice,https://stats.ncaa.org/team/574/stats/16480,https://stats.ncaa.org/player/game_by_game?org_id=574&game_sport_year_ctl_id=16480&stats_player_seq=-100,574
Rider,https://stats.ncaa.org/team/576/stats/16480,https://stats.ncaa.org/player/game_by_game?org_id=576&game_sport_year_ctl_id=16480&stats_player_seq=-100,576
Robert Morris,https://stats.ncaa.org/team/579/stats/16480,https://stats.ncaa.org/player/game_by_game?org_id=579&game_sport_year_ctl_id=16480&stats_player_seq=-100,579
Rutgers,https://stats.ncaa.org/team/587/stats/16480,https://stats.ncaa.org/player/game_by_game?org_id=587&game_sport_year_ctl_id=16480&stats_player_seq=-100,587
Sacramento St.,https://stats.ncaa.org/team/676/stats/16480,https://stats.ncaa.org/player/game_by_game?org_id=676&game_sport_year_ctl_id=16480&stats_player_seq=-100,676
Sacred Heart,https://stats.ncaa.org/team/660/stats/16480,https://stats.ncaa.org/player/game_by_game?org_id=660&game_sport_year_ctl_id=16480&stats_player_seq=-100,660
Saint Francis (PA),https://stats.ncaa.org/team/663/stats/16480,https://stats.ncaa.org/player/game_by_game?org_id=663&game_sport_year_ctl_id=16480&stats_player_seq=-100,663
Saint Louis,https://stats.ncaa.org/team/102/stats/16480,https://stats.ncaa.org/player/game_by_game?org_id=102&game_sport_year_ctl_id=16480&stats_player_seq=-100,102
Saint Mary's (CA),https://stats.ncaa.org/team/590/stats/16480,https://stats.ncaa.org/player/game_by_game?org_id=590&game_sport_year_ctl_id=16480&stats_player_seq=-100,590
Saint Peter's,https://stats.ncaa.org/team/600/stats/16480,https://stats.ncaa.org/player/game_by_game?org_id=600&game_sport_year_ctl_id=16480&stats_player_seq=-100,600
Sam Houston,https://stats.ncaa.org/team/609/stats/16480,https://stats.ncaa.org/player/game_by_game?org_id=609&game_sport_year_ctl_id=16480&stats_player_seq=-100,609
Samford,https://stats.ncaa.org/team/610/stats/16480,https://stats.ncaa.org/player/game_by_game?org_id=610&game_sport_year_ctl_id=16480&stats_player_seq=-100,610
San Diego,https://stats.ncaa.org/team/617/stats/16480,https://stats.ncaa.org/player/game_by_game?org_id=617&game_sport_year_ctl_id=16480&stats_player_seq=-100,617
San Diego St.,https://stats.ncaa.org/team/624/stats/16480,https://stats.ncaa.org/player/game_by_game?org_id=624&game_sport_year_ctl_id=16480&stats_player_seq=-100,624
San Francisco,https://stats.ncaa.org/team/625/stats/16480,https://stats.ncaa.org/player/game_by_game?org_id=625&game_sport_year_ctl_id=16480&stats_player_seq=-100,625
San Jose St.,https://stats.ncaa.org/team/627/stats/16480,https://stats.ncaa.org/player/game_by_game?org_id=627&game_sport_year_ctl_id=16480&stats_player_seq=-100,627
Santa Clara,https://stats.ncaa.org/team/626/stats/16480,https://stats.ncaa.org/player/game_by_game?org_id=626&game_sport_year_ctl_id=16480&stats_player_seq=-100,626
Seattle U,https://stats.ncaa.org/team/629/stats/16480,https://stats.ncaa.org/player/game_by_game?org_id=629&game_sport_year_ctl_id=16480&stats_player_seq=-100,629
Seton Hall,https://stats.ncaa.org/team/630/stats/16480,https://stats.ncaa.org/player/game_by_game?org_id=630&game_sport_year_ctl_id=16480&stats_player_seq=-100,630
SFA,https://stats.ncaa.org/team/631/stats/16480,https://stats.ncaa.org/player/game_by_game?org_id=631&game_sport_year_ctl_id=16480&stats_player_seq=-100,631
Siena,https://stats.ncaa.org/team/1356/stats/16480,https://stats.ncaa.org/player/game_by_game?org_id=1356&game_sport_year_ctl_id=16480&stats_player_seq=-100,1356
SIUE,https://stats.ncaa.org/team/635/stats/16480,https://stats.ncaa.org/player/game_by_game?org_id=635&game_sport_year_ctl_id=16480&stats_player_seq=-100,635
SMU,https://stats.ncaa.org/team/639/stats/16480,https://stats.ncaa.org/player/game_by_game?org_id=639&game_sport_year_ctl_id=16480&stats_player_seq=-100,639
South Alabama,https://stats.ncaa.org/team/646/stats/16480,https://stats.ncaa.org/player/game_by_game?org_id=646&game_sport_year_ctl_id=16480&stats_player_seq=-100,646
South Carolina,https://stats.ncaa.org/team/648/stats/16480,https://stats.ncaa.org/player/game_by_game?org_id=648&game_sport_year_ctl_id=16480&stats_player_seq=-100,648
South Carolina St.,https://stats.ncaa.org/team/647/stats/16480,https://stats.ncaa.org/player/game_by_game?org_id=647&game_sport_year_ctl_id=16480&stats_player_seq=-100,647
South Dakota,https://stats.ncaa.org/team/650/stats/16480,https://stats.ncaa.org/player/game_by_game?org_id=650&game_sport_year_ctl_id=16480&stats_player_seq=-100,650
South Dakota St.,https://stats.ncaa.org/team/649/stats/16480,https://stats.ncaa.org/player/game_by_game?org_id=649&game_sport_year_ctl_id=16480&stats_player_seq=-100,649
South Fla.,https://stats.ncaa.org/team/651/stats/16480,https://stats.ncaa.org/player/game_by_game?org_id=651&game_sport_year_ctl_id=16480&stats_player_seq=-100,651
Southeast Mo. St.,https://stats.ncaa.org/team/654/stats/16480,https://stats.ncaa.org/player/game_by_game?org_id=654&game_sport_year_ctl_id=16480&stats_player_seq=-100,654
Southeastern La.,https://stats.ncaa.org/team/655/stats/16480,https://stats.ncaa.org/player/game_by_game?org_id=655&game_sport_year_ctl_id=16480&stats_player_seq=-100,655
Southern California,https://stats.ncaa.org/team/657/stats/16480,https://stats.ncaa.org/player/game_by_game?org_id=657&game_sport_year_ctl_id=16480&stats_player_seq=-100,657
Southern Ill.,https://stats.ncaa.org/team/659/stats/16480,https://stats.ncaa.org/player/game_by_game?org_id=659&game_sport_year_ctl_id=16480&stats_player_seq=-100,659
Southern Ind.,https://stats.ncaa.org/team/661/stats/16480,https://stats.ncaa.org/player/game_by_game?org_id=661&game_sport_year_ctl_id=16480&stats_player_seq=-100,661
Southern Miss.,https://stats.ncaa.org/team/664/stats/16480,https://stats.ncaa.org/player/game_by_game?org_id=664&game_sport_year_ctl_id=16480&stats_player_seq=-100,664
Southern Utah,https://stats.ncaa.org/team/667/stats/16480,https://stats.ncaa.org/player/game_by_game?org_id=667&game_sport_year_ctl_id=16480&stats_player_seq=-100,667
St. John's (NY),https://stats.ncaa.org/team/603/stats/16480,https://stats.ncaa.org/player/game_by_game?org_id=603&game_sport_year_ctl_id=16480&stats_player_seq=-100,603
St. Thomas (MN),https://stats.ncaa.org/team/620/stats/16480,https://stats.ncaa.org/player/game_by_game?org_id=620&game_sport_year_ctl_id=16480&stats_player_seq=-100,620
Stanford,https://stats.ncaa.org/team/674/stats/16480,https://stats.ncaa.org/player/game_by_game?org_id=674&game_sport_year_ctl_id=16480&stats_player_seq=-100,674
Stetson,https://stats.ncaa.org/team/678/stats/16480,https://stats.ncaa.org/player/game_by_game?org_id=678&game_sport_year_ctl_id=16480&stats_player_seq=-100,678
Stonehill,https://stats.ncaa.org/team/682/stats/16480,https://stats.ncaa.org/player/game_by_game?org_id=682&game_sport_year_ctl_id=16480&stats_player_seq=-100,682
Stony Brook,https://stats.ncaa.org/team/683/stats/16480,https://stats.ncaa.org/player/game_by_game?org_id=683&game_sport_year_ctl_id=16480&stats_player_seq=-100,683
Syracuse,https://stats.ncaa.org/team/688/stats/16480,https://stats.ncaa.org/player/game_by_game?org_id=688&game_sport_year_ctl_id=16480&stats_player_seq=-100,688
Tarleton St.,https://stats.ncaa.org/team/698/stats/16480,https://stats.ncaa.org/player/game_by_game?org_id=698&game_sport_year_ctl_id=16480&stats_player_seq=-100,698
TCU,https://stats.ncaa.org/team/1395/stats/16480,https://stats.ncaa.org/player/game_by_game?org_id=1395&game_sport_year_ctl_id=16480&stats_player_seq=-100,1395
Temple,https://stats.ncaa.org/team/690/stats/16480,https://stats.ncaa.org/player/game_by_game?org_id=690&game_sport_year_ctl_id=16480&stats_player_seq=-100,690
Tennessee,https://stats.ncaa.org/team/694/stats/16480,https://stats.ncaa.org/player/game_by_game?org_id=694&game_sport_year_ctl_id=16480&stats_player_seq=-100,694
Tennessee St.,https://stats.ncaa.org/team/691/stats/16480,https://stats.ncaa.org/player/game_by_game?org_id=691&game_sport_year_ctl_id=16480&stats_player_seq=-100,691
Tennessee Tech,https://stats.ncaa.org/team/692/stats/16480,https://stats.ncaa.org/player/game_by_game?org_id=692&game_sport_year_ctl_id=16480&stats_player_seq=-100,692
Tex. A&M-Commerce,https://stats.ncaa.org/team/199/stats/16480,https://stats.ncaa.org/player/game_by_game?org_id=199&game_sport_year_ctl_id=16480&stats_player_seq=-100,199
Texas,https://stats.ncaa.org/team/703/stats/16480,https://stats.ncaa.org/player/game_by_game?org_id=703&game_sport_year_ctl_id=16480&stats_player_seq=-100,703
Texas A&M,https://stats.ncaa.org/team/697/stats/16480,https://stats.ncaa.org/player/game_by_game?org_id=697&game_sport_year_ctl_id=16480&stats_player_seq=-100,697
Texas Southern,https://stats.ncaa.org/team/699/stats/16480,https://stats.ncaa.org/player/game_by_game?org_id=699&game_sport_year_ctl_id=16480&stats_player_seq=-100,699
Texas St.,https://stats.ncaa.org/team/670/stats/16480,https://stats.ncaa.org/player/game_by_game?org_id=670&game_sport_year_ctl_id=16480&stats_player_seq=-100,670
Texas Tech,https://stats.ncaa.org/team/700/stats/16480,https://stats.ncaa.org/player/game_by_game?org_id=700&game_sport_year_ctl_id=16480&stats_player_seq=-100,700
The Citadel,https://stats.ncaa.org/team/141/stats/16480,https://stats.ncaa.org/player/game_by_game?org_id=141&game_sport_year_ctl_id=16480&stats_player_seq=-100,141
Toledo,https://stats.ncaa.org/team/709/stats/16480,https://stats.ncaa.org/player/game_by_game?org_id=709&game_sport_year_ctl_id=16480&stats_player_seq=-100,709
Towson,https://stats.ncaa.org/team/711/stats/16480,https://stats.ncaa.org/player/game_by_game?org_id=711&game_sport_year_ctl_id=16480&stats_player_seq=-100,711
Troy,https://stats.ncaa.org/team/716/stats/16480,https://stats.ncaa.org/player/game_by_game?org_id=716&game_sport_year_ctl_id=16480&stats_player_seq=-100,716
Tulane,https://stats.ncaa.org/team/718/stats/16480,https://stats.ncaa.org/player/game_by_game?org_id=718&game_sport_year_ctl_id=16480&stats_player_seq=-100,718
Tulsa,https://stats.ncaa.org/team/719/stats/16480,https://stats.ncaa.org/player/game_by_game?org_id=719&game_sport_year_ctl_id=16480&stats_player_seq=-100,719
UAB,https://stats.ncaa.org/team/9/stats/16480,https://stats.ncaa.org/player/game_by_game?org_id=9&game_sport_year_ctl_id=16480&stats_player_seq=-100,9
UAlbany,https://stats.ncaa.org/team/14/stats/16480,https://stats.ncaa.org/player/game_by_game?org_id=14&game_sport_year_ctl_id=16480&stats_player_seq=-100,14
UC Davis,https://stats.ncaa.org/team/108/stats/16480,https://stats.ncaa.org/player/game_by_game?org_id=108&game_sport_year_ctl_id=16480&stats_player_seq=-100,108
UC Irvine,https://stats.ncaa.org/team/109/stats/16480,https://stats.ncaa.org/player/game_by_game?org_id=109&game_sport_year_ctl_id=16480&stats_player_seq=-100,109
UC Riverside,https://stats.ncaa.org/team/111/stats/16480,https://stats.ncaa.org/player/game_by_game?org_id=111&game_sport_year_ctl_id=16480&stats_player_seq=-100,111
UC San Diego,https://stats.ncaa.org/team/112/stats/16480,https://stats.ncaa.org/player/game_by_game?org_id=112&game_sport_year_ctl_id=16480&stats_player_seq=-100,112
UC Santa Barbara,https://stats.ncaa.org/team/104/stats/16480,https://stats.ncaa.org/player/game_by_game?org_id=104&game_sport_year_ctl_id=16480&stats_player_seq=-100,104
UCF,https://stats.ncaa.org/team/128/stats/16480,https://stats.ncaa.org/player/game_by_game?org_id=128&game_sport_year_ctl_id=16480&stats_player_seq=-100,128
UCLA,https://stats.ncaa.org/team/110/stats/16480,https://stats.ncaa.org/player/game_by_game?org_id=110&game_sport_year_ctl_id=16480&stats_player_seq=-100,110
UConn,https://stats.ncaa.org/team/164/stats/16480,https://stats.ncaa.org/player/game_by_game?org_id=164&game_sport_year_ctl_id=16480&stats_player_seq=-100,164
UIC,https://stats.ncaa.org/team/302/stats/16480,https://stats.ncaa.org/player/game_by_game?org_id=302&game_sport_year_ctl_id=16480&stats_player_seq=-100,302
UIW,https://stats.ncaa.org/team/2743/stats/16480,https://stats.ncaa.org/player/game_by_game?org_id=2743&game_sport_year_ctl_id=16480&stats_player_seq=-100,2743
ULM,https://stats.ncaa.org/team/498/stats/16480,https://stats.ncaa.org/player/game_by_game?org_id=498&game_sport_year_ctl_id=16480&stats_player_seq=-100,498
UMBC,https://stats.ncaa.org/team/391/stats/16480,https://stats.ncaa.org/player/game_by_game?org_id=391&game_sport_year_ctl_id=16480&stats_player_seq=-100,391
UMES,https://stats.ncaa.org/team/393/stats/16480,https://stats.ncaa.org/player/game_by_game?org_id=393&game_sport_year_ctl_id=16480&stats_player_seq=-100,393
UNC Asheville,https://stats.ncaa.org/team/456/stats/16480,https://stats.ncaa.org/player/game_by_game?org_id=456&game_sport_year_ctl_id=16480&stats_player_seq=-100,456
UNC Greensboro,https://stats.ncaa.org/team/459/stats/16480,https://stats.ncaa.org/player/game_by_game?org_id=459&game_sport_year_ctl_id=16480&stats_player_seq=-100,459
UNCW,https://stats.ncaa.org/team/460/stats/16480,https://stats.ncaa.org/player/game_by_game?org_id=460&game_sport_year_ctl_id=16480&stats_player_seq=-100,460
UNI,https://stats.ncaa.org/team/504/stats/16480,https://stats.ncaa.org/player/game_by_game?org_id=504&game_sport_year_ctl_id=16480&stats_player_seq=-100,504
UNLV,https://stats.ncaa.org/team/465/stats/16480,https://stats.ncaa.org/player/game_by_game?org_id=465&game_sport_year_ctl_id=16480&stats_player_seq=-100,465
USC Upstate,https://stats.ncaa.org/team/10411/stats/16480,https://stats.ncaa.org/player/game_by_game?org_id=10411&game_sport_year_ctl_id=16480&stats_player_seq=-100,10411
UT Arlington,https://stats.ncaa.org/team/702/stats/16480,https://stats.ncaa.org/player/game_by_game?org_id=702&game_sport_year_ctl_id=16480&stats_player_seq=-100,702
UT Martin,https://stats.ncaa.org/team/695/stats/16480,https://stats.ncaa.org/player/game_by_game?org_id=695&game_sport_year_ctl_id=16480&stats_player_seq=-100,695
Utah,https://stats.ncaa.org/team/704/stats/16480,https://stats.ncaa.org/player/game_by_game?org_id=704&game_sport_year_ctl_id=16480&stats_player_seq=-100,704
Utah St.,https://stats.ncaa.org/team/536/stats/16480,https://stats.ncaa.org/player/game_by_game?org_id=536&game_sport_year_ctl_id=16480&stats_player_seq=-100,536
Utah Tech,https://stats.ncaa.org/team/706/stats/16480,https://stats.ncaa.org/player/game_by_game?org_id=706&game_sport_year_ctl_id=16480&stats_player_seq=-100,706
Utah Valley,https://stats.ncaa.org/team/732/stats/16480,https://stats.ncaa.org/player/game_by_game?org_id=732&game_sport_year_ctl_id=16480&stats_player_seq=-100,732
UTEP,https://stats.ncaa.org/team/731/stats/16480,https://stats.ncaa.org/player/game_by_game?org_id=731&game_sport_year_ctl_id=16480&stats_player_seq=-100,731
UTRGV,https://stats.ncaa.org/team/30095/stats/16480,https://stats.ncaa.org/player/game_by_game?org_id=30095&game_sport_year_ctl_id=16480&stats_player_seq=-100,30095
UTSA,https://stats.ncaa.org/team/30024/stats/16480,https://stats.ncaa.org/player/game_by_game?org_id=30024&game_sport_year_ctl_id=16480&stats_player_seq=-100,30024
Valparaiso,https://stats.ncaa.org/team/740/stats/16480,https://stats.ncaa.org/player/game_by_game?org_id=740&game_sport_year_ctl_id=16480&stats_player_seq=-100,740
VCU,https://stats.ncaa.org/team/735/stats/16480,https://stats.ncaa.org/player/game_by_game?org_id=735&game_sport_year_ctl_id=16480&stats_player_seq=-100,735
Villanova,https://stats.ncaa.org/team/739/stats/16480,https://stats.ncaa.org/player/game_by_game?org_id=739&game_sport_year_ctl_id=16480&stats_player_seq=-100,739
Virginia,https://stats.ncaa.org/team/746/stats/16480,https://stats.ncaa.org/player/game_by_game?org_id=746&game_sport_year_ctl_id=16480&stats_player_seq=-100,746
Virginia Tech,https://stats.ncaa.org/team/742/stats/16480,https://stats.ncaa.org/player/game_by_game?org_id=742&game_sport_year_ctl_id=16480&stats_player_seq=-100,742
Wake Forest,https://stats.ncaa.org/team/749/stats/16480,https://stats.ncaa.org/player/game_by_game?org_id=749&game_sport_year_ctl_id=16480&stats_player_seq=-100,749
Washington,https://stats.ncaa.org/team/756/stats/16480,https://stats.ncaa.org/player/game_by_game?org_id=756&game_sport_year_ctl_id=16480&stats_player_seq=-100,756
Washington St.,https://stats.ncaa.org/team/754/stats/16480,https://stats.ncaa.org/player/game_by_game?org_id=754&game_sport_year_ctl_id=16480&stats_player_seq=-100,754
Weber St.,https://stats.ncaa.org/team/758/stats/16480,https://stats.ncaa.org/player/game_by_game?org_id=758&game_sport_year_ctl_id=16480&stats_player_seq=-100,758
West Virginia,https://stats.ncaa.org/team/768/stats/16480,https://stats.ncaa.org/player/game_by_game?org_id=768&game_sport_year_ctl_id=16480&stats_player_seq=-100,768
Western Caro.,https://stats.ncaa.org/team/769/stats/16480,https://stats.ncaa.org/player/game_by_game?org_id=769&game_sport_year_ctl_id=16480&stats_player_seq=-100,769
Western Ill.,https://stats.ncaa.org/team/771/stats/16480,https://stats.ncaa.org/player/game_by_game?org_id=771&game_sport_year_ctl_id=16480&stats_player_seq=-100,771
Western Ky.,https://stats.ncaa.org/team/772/stats/16480,https://stats.ncaa.org/player/game_by_game?org_id=772&game_sport_year_ctl_id=16480&stats_player_seq=-100,772
Western Mich.,https://stats.ncaa.org/team/774/stats/16480,https://stats.ncaa.org/player/game_by_game?org_id=774&game_sport_year_ctl_id=16480&stats_player_seq=-100,774
Wichita St.,https://stats.ncaa.org/team/782/stats/16480,https://stats.ncaa.org/player/game_by_game?org_id=782&game_sport_year_ctl_id=16480&stats_player_seq=-100,782
William & Mary,https://stats.ncaa.org/team/786/stats/16480,https://stats.ncaa.org/player/game_by_game?org_id=786&game_sport_year_ctl_id=16480&stats_player_seq=-100,786
Winthrop,https://stats.ncaa.org/team/792/stats/16480,https://stats.ncaa.org/player/game_by_game?org_id=792&game_sport_year_ctl_id=16480&stats_player_seq=-100,792
Wisconsin,https://stats.ncaa.org/team/796/stats/16480,https://stats.ncaa.org/player/game_by_game?org_id=796&game_sport_year_ctl_id=16480&stats_player_seq=-100,796
Wofford,https://stats.ncaa.org/team/2915/stats/16480,https://stats.ncaa.org/player/game_by_game?org_id=2915&game_sport_year_ctl_id=16480&stats_player_seq=-100,2915
Wright St.,https://stats.ncaa.org/team/810/stats/16480,https://stats.ncaa.org/player/game_by_game?org_id=810&game_sport_year_ctl_id=16480&stats_player_seq=-100,810
Wyoming,https://stats.ncaa.org/team/811/stats/16480,https://stats.ncaa.org/player/game_by_game?org_id=811&game_sport_year_ctl_id=16480&stats_player_seq=-100,811
Xavier,https://stats.ncaa.org/team/812/stats/16480,https://stats.ncaa.org/player/game_by_game?org_id=812&game_sport_year_ctl_id=16480&stats_player_seq=-100,812
Youngstown St.,https://stats.ncaa.org/team/817/stats/16480,https://stats.ncaa.org/player/game_by_game?org_id=817&game_sport_year_ctl_id=16480&stats_player_seq=-100,817
